USE mokkikodit;
-- MÖKIT
INSERT IGNORE INTO Mokki (sijainti, hinta, huoneita, huoneala, henkilo_maara, huomioitavaa) VALUES
                                                                                                ('Levi', 150.00,3, 80, 6, 'Sisältää poreammeen'),
                                                                                                ('Ylläs', 200.00, 5, 100, 8, NULL),
                                                                                                ('Ruka', 180.00,3, 90, 6, 'Lemmikkieläimet sallittu'),
                                                                                                ('Tahko', 160.00,4, 85, 5, NULL),
                                                                                                ('Vuokatti', 140.00,5, 75, 4, 'Rantasauna käytettävissä'),
                                                                                                ('Himos', 170.00,6, 95, 7, 'Sisältää ulkoporeammeen ja grillikatoksen'),
                                                                                                ('Salla', 130.00,3, 70, 4, NULL),
                                                                                                ('Pyhä', 155.00,4, 82, 5, 'Savuton mökki'),
                                                                                                ('Iso-Syöte', 165.00,5, 88, 6, NULL),
                                                                                                ('Koli', 175.00,7, 92, 7, 'Soveltuu etätyöhön – nopea nettiyhteys');

-- ASIAKKAAT: Yritykset
INSERT IGNORE INTO Asiakas (sahkoposti, asiakastyyppi) VALUES
('yritys1@example.com', 'yritys'),
('yritys2@example.com', 'yritys'),
('yritys3@example.com', 'yritys'),
('yritys4@example.com', 'yritys'),
('yritys5@example.com', 'yritys'),
('yritys6@example.com', 'yritys'),
('yritys7@example.com', 'yritys'),
('yritys8@example.com', 'yritys'),
('yritys9@example.com', 'yritys'),
('yritys10@example.com', 'yritys');

INSERT IGNORE INTO Yritysasiakas (sahkoposti, y_tunnus, puhelinnumero, osoite, nimi) VALUES
('yritys1@example.com', '1234567-1', '12341234', 'Yrityskatu 1, Helsinki', 'Yritys 1'),
('yritys2@example.com', '1234567-2','343523543', 'Yrityskatu 2, Espoo', 'Yritys 2'),
('yritys3@example.com', '1234567-3', '3423453456', 'Yrityskatu 3, Vantaa', 'Yritys 3'),
('yritys4@example.com', '1234567-4', '343462356', 'Yrityskatu 4, Turku', 'Yritys 4'),
('yritys5@example.com', '1234567-5', '3566426643', 'Yrityskatu 5, Tampere', 'Yritys 5'),
('yritys6@example.com', '1234567-6', '6676754325', 'Yrityskatu 6, Oulu', 'Yritys 6'),
('yritys7@example.com', '1234567-7', '34543464', 'Yrityskatu 7, Jyväskylä', 'Yritys 7'),
('yritys8@example.com', '1234567-8', '343454345', 'Yrityskatu 8, Kuopio', 'Yritys 8'),
('yritys9@example.com', '1234567-9', '3454344564', 'Yrityskatu 9, Lahti', 'Yritys 9'),
('yritys10@example.com', '1234567-10', '34546467787', 'Yrityskatu 10, Pori', 'Yritys 10');

-- ASIAKKAAT: Yksityiset
INSERT IGNORE INTO Asiakas (sahkoposti, asiakastyyppi) VALUES
('matti@example.com', 'yksityisasiakas'),
('maija@example.com', 'yksityisasiakas'),
('kalle@example.com', 'yksityisasiakas'),
('laura@example.com', 'yksityisasiakas'),
('antti@example.com', 'yksityisasiakas'),
('elina@example.com', 'yksityisasiakas'),
('jari@example.com', 'yksityisasiakas'),
('tiina@example.com', 'yksityisasiakas'),
('pekka@example.com', 'yksityisasiakas'),
('sari@example.com', 'yksityisasiakas');

INSERT IGNORE INTO Yksityisasiakas (sahkoposti, nimi, puhelinnumero, osoite) VALUES
('matti@example.com', 'Matti Meikäläinen', '0401234567', 'Katuosoite 1, Helsinki'),
('maija@example.com', 'Maija Virtanen', '0507654321', 'Katuosoite 2, Espoo'),
('kalle@example.com', 'Kalle Korhonen', '0412345678', 'Katuosoite 3, Vantaa'),
('laura@example.com', 'Laura Lahtinen', '0459876543', 'Katuosoite 4, Turku'),
('antti@example.com', 'Antti Nieminen', '0461231234', 'Katuosoite 5, Tampere'),
('elina@example.com', 'Elina Salonen', '0408765432', 'Katuosoite 6, Oulu'),
('jari@example.com', 'Jari Heikkinen', '0506543210', 'Katuosoite 7, Jyväskylä'),
('tiina@example.com', 'Tiina Lehtinen', '0443214567', 'Katuosoite 8, Kuopio'),
('pekka@example.com', 'Pekka Mäkelä', '0432109876', 'Katuosoite 9, Lahti'),
('sari@example.com', 'Sari Aalto', '0499999999', 'Katuosoite 10, Pori');

-- lisätään varaukset
INSERT IGNORE INTO Varaus (aloitus_pvm, paattymis_pvm, henkilo_maara, sahkoposti, mokkiID) VALUES
('2024-01-04', '2024-01-10', 6, 'matti@example.com', 1),
('2024-01-15', '2024-01-20', 3, 'yritys1@example.com', 2),
('2024-01-22', '2024-01-28', 4, 'yritys2@example.com', 3),
('2024-02-01', '2024-02-07', 5, 'kalle@example.com', 4),
('2024-02-10', '2024-02-15', 2, 'yritys3@example.com', 5),
('2024-02-20', '2024-02-25', 6, 'elina@example.com', 6),
('2024-03-01', '2024-03-05', 4, 'yritys4@example.com', 7),
('2024-03-10', '2024-03-15', 2, 'yritys5@example.com', 8),
('2024-03-20', '2024-03-25', 3, 'laura@example.com', 9),
('2024-03-28', '2024-04-02', 1, 'yritys6@example.com', 10),
('2024-04-04', '2024-04-10', 5, 'maija@example.com', 1),
('2024-04-15', '2024-04-20', 4, 'yritys7@example.com', 2),
('2024-04-24', '2024-04-30', 2, 'tiina@example.com', 3),
('2024-05-01', '2024-05-06', 7, 'yritys8@example.com', 4),
('2024-05-10', '2024-05-15', 3, 'yritys9@example.com', 5),
('2024-05-20', '2024-05-25', 6, 'antti@example.com', 6),
('2024-05-30', '2024-06-05', 4, 'yritys10@example.com', 7),
('2024-06-08', '2024-06-13', 3, 'sari@example.com', 8),
('2024-06-15', '2024-06-20', 2, 'pekka@example.com', 9),
('2024-06-25', '2024-06-30', 1, 'yritys1@example.com', 10),
('2024-07-01', '2024-07-07', 5, 'yritys2@example.com', 1),
('2024-07-10', '2024-07-15', 4, 'yritys3@example.com', 2),
('2024-07-20', '2024-07-25', 3, 'yritys4@example.com', 3),
('2024-07-28', '2024-08-02', 6, 'yritys5@example.com', 4),
('2024-08-05', '2024-08-10', 4, 'yritys6@example.com', 5),
('2024-08-15', '2024-08-20', 2, 'yritys7@example.com', 6),
('2024-08-25', '2024-08-30', 3, 'yritys8@example.com', 7),
('2024-09-01', '2024-09-06', 4, 'yritys9@example.com', 8),
('2024-09-10', '2024-09-15', 5, 'yritys10@example.com', 9),
('2024-09-20', '2024-09-25', 6, 'matti@example.com', 10),
('2025-06-20', '2025-06-25', 2, 'tiina@example.com', 2),
('2025-06-25', '2025-06-30', 4, 'pekka@example.com', 3),
('2024-09-27', '2024-10-02', 2, 'maija@example.com', 4),
('2024-10-05', '2024-10-10', 4, 'laura@example.com', 5),
('2024-10-12', '2024-10-17', 6, 'kalle@example.com', 1),
('2024-10-20', '2024-10-25', 3, 'yritys1@example.com', 2),
('2024-10-28', '2024-11-02', 5, 'yritys2@example.com', 3),
('2024-11-04', '2024-11-09', 2, 'yritys3@example.com', 4),
('2024-11-11', '2024-11-16', 3, 'yritys4@example.com', 5),
('2024-11-18', '2024-11-24', 4, 'yritys5@example.com', 1),
('2024-11-26', '2024-12-01', 5, 'yritys6@example.com', 2),
('2024-12-03', '2024-12-08', 2, 'yritys7@example.com', 3),
('2024-12-10', '2024-12-15', 1, 'yritys8@example.com', 4),
('2024-12-17', '2024-12-22', 6, 'yritys9@example.com', 5),
('2024-12-26', '2024-12-31', 4, 'yritys10@example.com', 6),
('2025-01-02', '2025-01-07', 3, 'matti@example.com', 7),
('2025-01-10', '2025-01-15', 2, 'maija@example.com', 8),
('2025-01-18', '2025-01-23', 5, 'kalle@example.com', 9),
('2025-01-25', '2025-01-30', 6, 'laura@example.com', 10),
('2025-02-01', '2025-02-06', 3, 'antti@example.com', 1),
('2025-02-08', '2025-02-13', 4, 'elina@example.com', 2),
('2025-02-15', '2025-02-20', 2, 'jari@example.com', 3),
('2025-02-22', '2025-02-27', 1, 'tiina@example.com', 4),
('2025-03-01', '2025-03-06', 5, 'pekka@example.com', 5),
('2025-03-08', '2025-03-13', 4, 'sari@example.com', 1),
('2025-03-15', '2025-03-20', 3, 'yritys1@example.com', 2),
('2025-03-22', '2025-03-27', 6, 'yritys2@example.com', 3),
('2025-03-29', '2025-04-03', 2, 'yritys3@example.com', 4),
('2025-04-05', '2025-04-10', 4, 'yritys4@example.com', 5),
('2025-04-12', '2025-04-17', 1, 'yritys5@example.com', 6),
('2025-04-19', '2025-04-24', 3, 'yritys6@example.com', 7),
('2025-04-26', '2025-05-01', 5, 'yritys7@example.com', 8),
('2025-05-03', '2025-05-08', 2, 'yritys8@example.com', 9),
('2025-05-10', '2025-05-15', 4, 'yritys9@example.com', 10),
('2025-05-17', '2025-05-22', 3, 'yritys10@example.com', 1),
('2025-05-24', '2025-05-29', 6, 'matti@example.com', 2),
('2025-06-01', '2025-06-06', 5, 'maija@example.com', 3),
('2025-06-08', '2025-06-13', 3, 'kalle@example.com', 4),
('2025-06-15', '2025-06-20', 2, 'laura@example.com', 5),
('2025-06-21', '2025-06-26', 4, 'antti@example.com', 6),
('2025-06-03', '2025-06-08', 1, 'elina@example.com', 7),
('2025-06-09', '2025-06-14', 6, 'jari@example.com', 8),
('2025-06-16', '2025-06-21', 3, 'tiina@example.com', 9),
('2025-06-22', '2025-06-27', 4, 'pekka@example.com', 10),
('2025-06-10', '2025-06-15', 5, 'sari@example.com', 1),
('2025-06-12', '2025-06-17', 2, 'yritys1@example.com', 2),
('2025-06-14', '2025-06-19', 4, 'yritys2@example.com', 3),
('2025-06-16', '2025-06-21', 3, 'yritys3@example.com', 4),
('2025-06-18', '2025-06-23', 6, 'yritys4@example.com', 5),
('2025-06-20', '2025-06-25', 4, 'yritys5@example.com', 1),
('2025-06-22', '2025-06-27', 2, 'yritys6@example.com', 2),
('2025-06-24', '2025-06-29', 3, 'yritys7@example.com', 3),
('2025-06-26', '2025-06-30', 5, 'yritys8@example.com', 4),
('2025-06-02', '2025-06-07', 4, 'yritys9@example.com', 5),
('2025-06-04', '2025-06-09', 2, 'yritys10@example.com', 1),
('2025-06-06', '2025-06-11', 3, 'matti@example.com', 2),
('2025-06-08', '2025-06-13', 5, 'maija@example.com', 3),
('2025-06-10', '2025-06-15', 2, 'kalle@example.com', 4),
('2025-06-12', '2025-06-17', 6, 'laura@example.com', 5),
('2025-06-14', '2025-06-19', 4, 'antti@example.com', 6),
('2025-06-16', '2025-06-21', 3, 'elina@example.com', 7),
('2025-06-18', '2025-06-23', 2, 'jari@example.com', 8);



-- Laskut
INSERT INTO Laskut (asiakas, maksettava, veroton_hinta, alv, paivamaara, erapaiva, status, viitenumero, sahkoposti, osoite, nimi, varaustunnus) VALUES
("yritys1", 1100.00, 1000.00, 100.00, '2024-02-01', '2024-02-15', 'Avoin', '100002', 'yritys1@example.com', 'Yrityskatu 1, Helsinki', 'Yritys 1', 4),
("maija", 1650.00, 1500.00, 150.00, '2024-02-03', '2024-02-17', 'Maksettu', '100003', 'maija@example.com', 'Katuosoite 2, Espoo', 'Maija Virtanen',6),
("yritys3", 2200.00, 2000.00, 200.00, '2024-02-05', '2024-02-19', 'Avoin', '100004', 'yritys3@example.com', 'Yrityskatu 3, Vantaa', 'Yritys 3', 8),
("kalle", 770.00, 700.00, 70.00, '2024-02-06', '2024-02-20', 'Myöhässä', '100005', 'kalle@example.com', 'Katuosoite 3, Vantaa', 'Kalle Korhonen', 10),
("yritys5", 1320.00, 1200.00, 120.00, '2024-02-07', '2024-02-21', 'Avoin', '100006', 'yritys5@example.com', 'Yrityskatu 5, Tampere', 'Yritys 5', 11),
("laura", 990.00, 900.00, 90.00, '2024-02-08', '2024-02-22', 'Maksettu', '100007', 'laura@example.com', 'Katuosoite 4, Turku', 'Laura Lahtinen', 15),
("yritys7", 1430.00, 1300.00, 130.00, '2024-02-10', '2024-02-24', 'Avoin', '100008', 'yritys7@example.com', 'Yrityskatu 7, Jyväskylä', 'Yritys 7', 16),
("elina", 1980.00, 1800.00, 180.00, '2024-02-11', '2024-02-25', 'Myöhässä', '100009', 'elina@example.com', 'Katuosoite 6, Oulu', 'Elina Salonen', 17),
("yritys9", 880.00, 800.00, 80.00, '2024-02-12', '2024-02-26', 'Avoin', '100010', 'yritys9@example.com', 'Yrityskatu 9, Lahti', 'Yritys 9', 19),
("sari", 1100.00, 1000.00, 100.00, '2024-02-13', '2024-02-27', 'Maksettu', '100011', 'sari@example.com', 'Katuosoite 10, Pori', 'Sari Aalto', 21);
